<problem url_name="problem_5790cbb16b7d19210b972363743a1e2d" display_name="Question 5" max_attempts="2" markdown="null">
  <multiplechoiceresponse>
    <label>Suppose a symbolic reasoner encounters two different URIs that both have the label “La La Land.” What conclusion should the system draw based solely on symbolic principles?</label>
    <choicegroup type="MultipleChoice" shuffle="true">
      <choice correct="false">They refer to the same movie and should be merged</choice>
      <choice correct="false">One of the URIs is incorrect</choice>
      <choice correct="true">Labels alone are insufficient to establish identity</choice>
      <choice correct="false">The movie must have multiple directors</choice>
    </choicegroup>
  </multiplechoiceresponse>
  <solution>
    <div class="detailed-solution">
      <p>Explanation</p>
      <p>Labels are human-readable annotations and do not determine identity in symbolic systems. Two URIs may share the same label while referring to different entities. Identity must be established through explicit links or ontology assertions, not string equality. The other interpretations incorrectly treat labels as authoritative identifiers.</p>
    </div>
  </solution>
</problem>