<problem url_name="problem_6ca3f7cabb61ead2e5bbe3588bbcfde6" display_name="Question 5" max_attempts="2" markdown="null">
  <multiplechoiceresponse>
    <label>While building a movie recommender, a team wants to ensure that relationships like directed by and acted in remain meaningful when data is shared across systems. What makes this possible in a semantic web setting?</label>
    <choicegroup type="MultipleChoice" shuffle="true">
      <choice correct="false">Defining relationships using natural language descriptions</choice>
      <choice correct="true">Assigning URIs to relationships as well as entities</choice>
      <choice correct="false">Storing relationships as labeled edges without identifiers</choice>
      <choice correct="false">Using embeddings to capture relational similarity</choice>
    </choicegroup>
  </multiplechoiceresponse>
  <solution>
    <div class="detailed-solution">
      <p>Explanation</p>
      <p>In the semantic web, relationships are first-class citizens identified by URIs, just like entities and classes. This allows their meaning to be explicitly defined and shared across systems. Natural language descriptions are ambiguous, unlabeled edges lack formal semantics, and embeddings capture similarity but do not provide explicit, machine-interpretable meaning.</p>
    </div>
  </solution>
</problem>