<problem url_name="problem_e85d99add4e03bbcb725a87552d0eae2" display_name="Question 5" max_attempts="2" markdown="null">
  <multiplechoiceresponse>
    <label>Marco is merging movie data from IMDb and Wikipedia into a single knowledge graph. Movie titles appear in different languages and spellings across sources. What representation choice ensures that both sources refer to the same real-world movie despite these differences?</label>
    <choicegroup type="MultipleChoice" shuffle="true">
      <choice correct="false">Standardized movie titles converted to lowercase</choice>
      <choice correct="false">Source-specific numeric identifiers aligned using heuristics</choice>
      <choice correct="true">Globally defined URIs that uniquely identify entities independent of labels</choice>
      <choice correct="false">Local file paths used during data crawling</choice>
    </choicegroup>
  </multiplechoiceresponse>
  <solution>
    <div class="detailed-solution">
      <p>Explanation</p>
      <p>URIs provide a globally unique and stable way to identify entities such as movies, regardless of how their names are written, translated, or formatted. This allows data from heterogeneous sources to be merged reliably without relying on fragile string matching or heuristics. Standardizing titles or using numeric IDs tied to specific sites still depends on conventions that may change or conflict. File paths are implementation details and have no semantic meaning across systems.</p>
    </div>
  </solution>
</problem>