<problem url_name="problem_a844b54da4620c0dc8c23f1f4493b0ce" display_name="Question 5" max_attempts="2" markdown="null">
  <multiplechoiceresponse>
    <label>A developer notices that the same film appears as La La Land, La La-Land, and Λα Λα Λαντ across different datasets. Which symbolic AI principle directly addresses this problem?</label>
    <choicegroup type="MultipleChoice" shuffle="true">
      <choice correct="true">Treating entities as web resources identified by URIs</choice>
      <choice correct="false">Applying multilingual translation models</choice>
      <choice correct="false">Ranking labels by frequency of occurrence</choice>
      <choice correct="false">Enforcing consistent naming conventions during ingestion</choice>
    </choicegroup>
  </multiplechoiceresponse>
  <solution>
    <div class="detailed-solution">
      <p>Explanation</p>
      <p>The lecture emphasizes “things, not strings”: entities are identified by URIs, not by their surface names. This ensures that all labels—regardless of language or spelling—refer to the same underlying entity. Translation models and frequency ranking operate on text, not meaning. Naming conventions may reduce variation but cannot guarantee global consistency or interoperability.</p>
    </div>
  </solution>
</problem>