<problem url_name="problem_517385b407aa880f581a4dff849101cd" display_name="Question 5" max_attempts="2" markdown="null">
  <multiplechoiceresponse>
    <label>A knowledge graph combines data from multiple countries’ film archives. Each archive uses different naming conventions, but the system still answers queries correctly. What design choice enables this interoperability?</label>
    <choicegroup type="MultipleChoice" shuffle="true">
      <choice correct="false">Centralizing all data into a single database</choice>
      <choice correct="false">Normalizing all text fields into English</choice>
      <choice correct="true">Using URIs as universal identifiers across sources</choice>
      <choice correct="false">Prioritizing the most trusted source</choice>
    </choicegroup>
  </multiplechoiceresponse>
  <solution>
    <div class="detailed-solution">
      <p>Explanation</p>
      <p>URIs act as universal identifiers that allow independently published data to be linked and understood as referring to the same entities. This interoperability does not require centralization or language normalization. Trust prioritization affects data selection but does not solve the fundamental problem of identity across heterogeneous sources.</p>
    </div>
  </solution>
</problem>